{
  "best": {
    "var_penalty": 0.08,
    "kl_coef": 0.05,
    "score": -0.24152658013132877,
    "budget": 27
  },
  "all": [
    {
      "var_penalty": 0.03,
      "kl_coef": 0.05,
      "score": -0.3320404690202176,
      "budget": 27
    },
    {
      "var_penalty": 0.03,
      "kl_coef": 0.15,
      "score": -0.24445713568688432,
      "budget": 32
    },
    {
      "var_penalty": 0.08,
      "kl_coef": 0.05,
      "score": -0.24152658013132877,
      "budget": 27
    },
    {
      "var_penalty": 0.08,
      "kl_coef": 0.15,
      "score": -0.317748802353551,
      "budget": 27
    }
  ]
}